,Count,Mean,Standard Deviation,Minimum,Q1,Median,Q3,Maximum,Range,IQR,Coefficient_of_Variation,Skewness,Kurtosis,Missing Values,Missing Percentage
countryid,220.0,439.5318181818182,254.3906209436118,4.0,217.0,439.0,660.5,894.0,890.0,443.5,0.5787763488794336,-0.0013966186641835867,-1.1694742742373505,0,0.0
year,220.0,2020.0772727272727,5.058419611536401,1990.0,2021.0,2021.0,2021.0,2021.0,31.0,0.0,0.002504072334177154,-5.599598885621503,30.247606021381706,0,0.0
ama_exchange_rate,220.0,1270.4199271740638,8006.0848242440725,0.301643111,1.33122426,8.303334853500001,138.9955702,111636.6283,111636.326656889,137.66434594,6.301920060442453,12.320649137411444,167.08578335430946,0,0.0
imf_based_exchange_rate,220.0,931.6180715990184,3980.424567947552,0.301643111,1.33122426,8.583283358,138.9955702,42000.0,41999.698356889,137.66434594,4.272592695755244,7.213623353427103,61.450882488303336,0,0.0
population,220.0,37826603.236363634,141163426.18540442,4417.0,1272254.0,7091318.5,27268533.25,1425893465.0,1425889048.0,25996279.25,3.7318557340010003,8.713207287403518,82.66079060791942,0,0.0
per_capita_gni,220.0,17570.831818181818,28426.523690826176,138.0,2215.25,6483.5,20579.75,234317.0,234179.0,18364.5,1.6178245847991775,3.9233480602190514,22.352869429061663,0,0.0
agriculture_hunting_forestry_fishing_,217.0,20010095402.391705,100772289630.26839,232469.0,397588790.0,2663295502.0,8215737103.0,1350000000000.0,1349999767531.0,7818148313.0,5.0360724226344065,11.431715874658082,144.79600393340078,3,1.36
changes_in_inventories,168.0,4031928309.1845236,16403584012.627224,-20823814374.0,1126159.5,342654696.0,2114343570.0,171000000000.0,191823814374.0,2113217410.5,4.068421547888317,7.420506493403671,68.08162099493451,52,23.64
construction_,220.0,24480072285.213634,110096280660.0444,4493067.0,265846155.5,1413215795.0,10376181331.5,1240000000000.0,1239995506933.0,10110335176.0,4.4973838057882025,9.032605477390506,89.88927715071247,0,0.0
exports_of_goods_and_services,218.0,126338021823.26605,366162790422.72314,7329761.0,1775497770.0,9915473804.0,55606452731.0,3530000000000.0,3529992670239.0,53830954961.0,2.8982786427901126,5.996946783792161,45.11508883556545,2,0.91
final_consumption_expenditure,220.0,317648857691.64545,1513530338554.894,92442786.0,4768945041.75,21746541433.5,123000000000.0,19300000000000.0,19299907557214.0,118231054958.25,4.7647907489852805,10.283461323497809,120.02707686321845,0,0.0
general_government_final_consumption_expenditure,219.0,75755152556.9726,320266609286.8145,40894791.0,1006441285.0,4303314920.0,30592627715.0,3350000000000.0,3349959105209.0,29586186430.0,4.227654469390106,8.176936184589929,74.73354188490525,1,0.45
gross_capital_formation,219.0,118882524477.79909,625735593097.8077,16406317.0,1220148709.5,6377385153.0,47263207347.5,7600000000000.0,7599983593683.0,46043058638.0,5.26347834424278,10.061831252386705,109.73453832995783,1,0.45
gross_fixed_capital_formation_,219.0,115827818929.17352,616336111544.584,16406317.0,1159092505.0,6030055500.0,41750376284.5,7430000000000.0,7429983593683.0,40591283779.5,5.321140614082197,10.01519424836232,108.2672651476767,1,0.45
household_consumption_expenditure_,219.0,242963449429.45663,1206888020456.8882,36555798.0,3716443311.0,16845415414.0,98819986841.5,15900000000000.0,15899963444202.0,95103543530.5,4.967364528660525,10.937324199621754,134.7724769778287,1,0.45
imports_of_goods_and_services,218.0,122501134693.84862,368484631376.88696,56973355.0,2638726145.25,11082493159.0,59804524910.25,3400000000000.0,3399943026645.0,57165798765.0,3.0080099445429087,6.324638638272226,48.22450186458372,2,0.91
manufacturing_,220.0,71411250744.11818,380554838906.743,560350.0,389502503.0,3279906683.5,22189546842.25,4870000000000.0,4869999439650.0,21800044339.25,5.329059986224755,10.544493071027464,123.62444701313713,0,0.0
mining_manufacturing_utilities_,220.0,95205642766.64546,461893754080.6538,1324205.0,581800242.5,5966761081.5,42632191009.25,5780000000000.0,5779998675795.0,42050390766.75,4.851537583888616,10.181720239682361,115.3087240011634,0,0.0
other_activities_,220.0,185215038524.92728,989290304309.0696,29391113.0,1877648251.0,8633529234.5,57319642280.5,12900000000000.0,12899970608887.0,55441994029.5,5.3413065817327,10.796357716562612,130.6631558755242,0,0.0
total_value_added,220.0,420766972235.5773,2037160752618.5283,57663323.0,5321264553.75,24879960670.0,174500000000.0,23300000000000.0,23299942336677.0,169178735446.25,4.841541487429225,9.434615309780146,96.09472782937699,0,0.0
transport_storage_and_communication_,220.0,38717749775.51363,198569982828.1443,2554040.0,383445470.75,2050475826.0,16471680174.25,2490000000000.0,2489997445960.0,16088234703.5,5.128655047864544,10.278665362196652,116.80417038835496,0,0.0
wholesale_retail_trade_restaurants_and_hotels_,220.0,57669057338.05909,281213309247.0197,5332543.0,713681687.25,3885970151.0,22616289235.25,3520000000000.0,3519994667457.0,21902607548.0,4.876329217565189,10.188243511648855,115.45515928172875,0,0.0
gross_national_income,220.0,440340480651.8909,2064389997554.373,71572379.0,6036791298.5,26089956375.5,176250000000.0,23600000000000.0,23599928427621.0,170213208701.5,4.688167652672312,9.273318248207117,93.93769345896095,0,0.0
gross_domestic_product_,220.0,440440190606.88635,2049738732028.202,60170178.0,5993293362.5,28016641859.0,184750000000.0,23300000000000.0,23299939829822.0,178756706637.5,4.653841260952706,9.255971138965474,93.36454333724853,0,0.0
export_dependency,218.0,0.42795274814735423,0.34145587301187674,0.0362348665163681,0.214328387605042,0.34104382045688525,0.5378446547330981,2.11680447981541,2.080569613299042,0.32351626712805603,0.7978821832318399,2.268615027913275,7.066063879797446,2,0.91
import_dependency,218.0,0.49807750223900665,0.30073319724586256,0.0481984371417322,0.29914694693211064,0.42200043977066964,0.6026321715691171,1.989159891598916,1.9409614544571838,0.30348522463700645,0.6037879564806226,1.975913457315549,5.7427005579312,2,0.91
trade_openness,218.0,0.9260302503863608,0.6093324825476222,0.1030239134881889,0.5512602875543746,0.7924667567218028,1.0976859596757795,4.024390243902439,3.92136633041425,0.5464256721214049,0.6580049434598868,2.4087019130280574,7.995997132839938,2,0.91
investment_ratio,219.0,0.24201363108742177,0.085344811035665,0.0383910998075489,0.1860542075693409,0.2329479768786127,0.28575975875865006,0.5716103310339959,0.533219231226447,0.09970555118930916,0.35264464506479054,0.5868178616638247,0.9978020949718651,1,0.45
government_share,219.0,0.18918241623500867,0.11105001839907155,0.0404647739953848,0.12398834856204019,0.1682105161279543,0.2164355894961268,0.928815417498017,0.8883506435026322,0.0924472409340866,0.5869996832111581,3.021487072484024,13.342327809477046,1,0.45
household_share,219.0,0.6347784578416075,0.18291583650251603,0.1099396720502252,0.5150837167185092,0.6232394366197183,0.7386738992366941,1.4052737530880095,1.2953340810377842,0.22359018251818497,0.28815696916444183,0.5408133525819504,1.5282229028659309,1,0.45
agriculture_share,217.0,0.1088810748086573,0.11360323690706585,0.0001366182847055,0.0218752756181102,0.0689440993788819,0.1723369033308875,0.6688491813322458,0.6687125630475403,0.1504616277127773,1.0433699070908977,1.6813180583644833,3.7638934484614914,3,1.36
services_share,220.0,0.3421333275716014,0.1218139868936913,0.0659960382536064,0.26057182775031823,0.32388929266832256,0.4264124258457918,0.7583041589326155,0.692308120679009,0.16584059809547358,0.3560424462542257,0.5599845424123404,0.43630189759976146,0,0.0
gdp_per_person,220.0,17956.30122151198,28791.786774423737,141.42730977560487,2191.7495306168767,6498.040576258667,20664.614653050816,234317.0848279998,234175.65751822418,18472.86512243394,1.6034363881092975,3.608165161023918,18.611714797963224,0,0.0
investment_per_person,219.0,4228.701032211125,6786.393697028587,20.107924644162186,485.71178645071507,1498.982950171451,5129.806491930488,58641.81210816115,58621.704183516995,4644.0947054797725,1.6048412137284822,3.846532160037776,22.22622694241334,1,0.45
exports_per_person,218.0,11626.55139739822,27658.080994080963,11.685573258263606,558.1157704378943,2125.038458085204,10290.626968477305,283112.8650552696,283101.17948201136,9732.51119803941,2.378872294003729,5.823826326569107,46.34959068867544,2,0.91
imports_per_person,218.0,10643.188676656962,22891.34184617162,23.970326030522497,816.2199641965342,2714.2945307218615,11378.631324677772,236188.0807919652,236164.1104659347,10562.411360481237,2.150797335424276,5.772140173078207,46.38288551091709,2,0.91
