country,per_capita_gni
 Monaco ,234317.0
 Liechtenstein ,198294.0
 Bermuda ,112607.0
 Luxembourg ,93369.0
 Norway ,93149.0
 Switzerland ,90045.0
 Ireland ,76726.0
 Denmark ,70390.0
 United States ,70081.0
 Iceland ,69996.0
 Qatar ,65863.0
 Australia ,64490.0
 Sweden ,62469.0
 Cayman Islands ,61982.0
 Singapore ,58770.0
 Greenland ,56613.0
 Netherlands ,56574.0
 Finland ,54714.0
 Austria ,54082.0
 Israel ,53302.0
 Germany ,52885.0
" China, Hong Kong SAR ",52777.0
 Canada ,51741.0
" China, Macao SAR ",51684.0
 Belgium ,51639.0
 New Zealand ,47876.0
 United Kingdom ,46338.0
 France ,45535.0
 San Marino ,45440.0
 British Virgin Islands ,45120.0
 United Arab Emirates ,43217.0
 Andorra ,42066.0
 Japan ,41162.0
 Kuwait ,36453.0
 Italy ,36216.0
 Republic of Korea ,35329.0
 New Caledonia ,34994.0
 Brunei Darussalam ,31650.0
 Malta ,31132.0
 Spain ,30216.0
 Cyprus ,29554.0
 Slovenia ,28724.0
 Aruba ,27927.0
 Estonia ,27506.0
 Bahamas ,25962.0
 Czechia ,25608.0
 Sint Maarten (Dutch part) ,25320.0
 Bahrain ,24990.0
 Portugal ,24353.0
 Saudi Arabia ,23642.0
 Lithuania ,22926.0
 Turks and Caicos Islands ,22878.0
 Puerto Rico ,22598.0
 Slovakia ,21124.0
 Latvia ,20876.0
 Greece ,20481.0
 French Polynesia ,19915.0
 Cook Islands ,19264.0
 Oman ,18184.0
 Hungary ,18139.0
 Saint Kitts and Nevis ,17835.0
 Nauru ,17434.0
 Anguilla ,17312.0
 Croatia ,16950.0
 Poland ,16908.0
 Barbados ,16887.0
 Uruguay ,16498.0
 Palau ,16252.0
 Montserrat ,16204.0
 Curaçao ,15409.0
 Chile ,15320.0
 Trinidad and Tobago ,15316.0
 Antigua and Barbuda ,14735.0
 Romania ,14416.0
 Panama ,14012.0
 China ,12324.0
 Russian Federation ,11960.0
 Bulgaria ,11889.0
 Costa Rica ,11627.0
 Seychelles ,11500.0
 Cuba ,11086.0
 Guyana ,11063.0
 Malaysia ,10769.0
 Argentina ,10590.0
 Mexico ,9956.0
 Saint Lucia ,9655.0
 Montenegro ,9529.0
 Türkiye ,9519.0
 Maldives ,9391.0
 Kazakhstan ,9168.0
 Mauritius ,9005.0
 Grenada ,8529.0
 St. Vincent and the Grenadines ,8395.0
 Serbia ,8377.0
 Turkmenistan ,8070.0
 Dominican Republic ,8053.0
 Dominica ,7594.0
 Marshall Islands ,7455.0
 Gabon ,7358.0
 Brazil ,7305.0
 Tuvalu ,7156.0
 Bosnia and Herzegovina ,7082.0
 Equatorial Guinea ,6991.0
 South Africa ,6920.0
 Belarus ,6842.0
 Thailand ,6818.0
 Botswana ,6692.0
 Iran (Islamic Republic of) ,6556.0
 Lebanon ,6521.0
 Peru ,6446.0
 Albania ,6290.0
 North Macedonia ,6285.0
 Colombia ,6003.0
 Belize ,5936.0
 Ecuador ,5873.0
 Paraguay ,5842.0
 Libya ,5839.0
 Kosovo ,5792.0
 Azerbaijan ,5263.0
 Armenia ,5032.0
 Jamaica ,5023.0
 Guatemala ,4791.0
 Namibia ,4760.0
 Georgia ,4700.0
 Tonga ,4699.0
 Ukraine ,4697.0
 Iraq ,4645.0
 Republic of Moldova ,4592.0
 Suriname ,4588.0
 Fiji ,4376.0
 El Salvador ,4294.0
 Indonesia ,4217.0
 State of Palestine ,4176.0
 Jordan ,4038.0
 Micronesia (FS of) ,3934.0
 Mongolia ,3889.0
 Samoa ,3825.0
 Sri Lanka ,3823.0
 Morocco ,3801.0
 Egypt ,3778.0
 Tunisia ,3679.0
 Algeria ,3618.0
 Eswatini ,3586.0
 Philippines ,3584.0
 Viet Nam ,3564.0
 Venezuela (Bolivarian Republic of) ,3528.0
 Bolivia (Plurinational State of) ,3266.0
 Djibouti ,3254.0
 Cabo Verde ,3229.0
 Vanuatu ,3183.0
 Kiribati ,3018.0
 Bhutan ,2809.0
 Papua New Guinea ,2607.0
 Bangladesh ,2579.0
 Honduras ,2546.0
 Sao Tome and Principe ,2512.0
 Côte d'Ivoire ,2462.0
 Lao People's DR ,2414.0
 Ghana ,2348.0
 Solomon Islands ,2323.0
 India ,2239.0
 Mauritania ,2144.0
 Angola ,2070.0
 Kenya ,2051.0
 Uzbekistan ,2023.0
 Nicaragua ,1927.0
 Nigeria ,1868.0
 Timor-Leste ,1842.0
 Congo ,1737.0
 Haiti ,1665.0
 Cameroon ,1636.0
 Comoros ,1620.0
 Senegal ,1602.0
 Pakistan ,1584.0
 Cambodia ,1523.0
 Zimbabwe ,1471.0
 Benin ,1347.0
 Kyrgyzstan ,1294.0
 Lesotho ,1224.0
 Nepal ,1212.0
 Zanzibar ,1190.0
 U.R. of Tanzania: Mainland ,1117.0
 Myanmar ,1095.0
 Zambia ,1062.0
 Tajikistan ,1047.0
 Guinea ,1046.0
 Syrian Arab Republic ,997.0
 Togo ,946.0
 Chad ,923.0
 Uganda ,915.0
 Burkina Faso ,865.0
 Mali ,849.0
 Ethiopia ,821.0
 Rwanda ,795.0
 Guinea-Bissau ,760.0
 Gambia ,753.0
 Sudan ,745.0
 D.P.R. of Korea ,662.0
 Eritrea ,616.0
 Malawi ,602.0
 Niger ,585.0
 D.R. of the Congo ,541.0
 Sierra Leone ,499.0
 Central African Republic ,493.0
 Madagascar ,489.0
 Mozambique ,481.0
 Somalia ,444.0
 Liberia ,413.0
 South Sudan ,386.0
 Afghanistan ,377.0
 Burundi ,312.0
 Yemen ,301.0
